db_index,rule_id,语言,源sast工具,源规则路径,CWE,漏洞分类,规则类型二分类,污点节点多分类,merge_target
e6b01c9561798d6559661e72508534b7fb095f36912c3452e0883cbeba7d4991,B102,python,bandit,/home/nyn/Desktop/Projects/SAST/sast_tools/bandit/bandit/plugins/exec.py,78,Cmdi,简单的pattern-grep审计,2,
53b5968c518bf4a0b8cf031639e21b9d83c4be9ca2fe99514388ee4dccfad36f,B601,python,bandit,/home/nyn/Desktop/Projects/SAST/sast_tools/bandit/bandit/plugins/injection_paramiko.py,78,Cmdi,简单的pattern-grep审计,2,
32860f18a8bd8ca2aefc7d5fbce2212f4f36b997f9e1869f488ca54b9875ec58,B602,python,bandit,/home/nyn/Desktop/Projects/SAST/sast_tools/bandit/bandit/plugins/injection_shell.py,"78,78,78,78,78,78,78,78",Cmdi,简单的pattern-grep审计,2,
5898202906fdaa0a03ef0ea9bde9d1d8b86239b208af3247cf13dfaf23992c18,B609,python,bandit,/home/nyn/Desktop/Projects/SAST/sast_tools/bandit/bandit/plugins/injection_wildcard.py,78,Cmdi,简单的pattern-grep审计,2,
d60f174a28414b43cf26e7cdcb855fcde50a3becaafd1b7442beee0508e99e89,B612,python,bandit,/home/nyn/Desktop/Projects/SAST/sast_tools/bandit/bandit/plugins/logging_config_insecure_listen.py,94,Cmdi,简单的pattern-grep审计,2,
32df9eeb6e8c33731d9808312a96d95fd1da1fe03fd322583a905689011af663,py/code-injection,python,codeql,python/ql/src/Security/CWE-094/CodeInjection.ql,"094,095,116",Cmdi,有完整漏洞污点逻辑,"1,2,4",
01f668770c503bb0bb4b4e786a6d726110364bed7fe10a7a20a0ec3533a2e338,py/command-line-injection,python,codeql,/home/nyn/Desktop/Projects/SAST/sast_tools/codeql/python/ql/src/Security/CWE-078/CommandInjection.ql,"078,088",Cmdi,简单的pattern-grep审计,"2,3",
5705253b00d615fdcc18fedec516b0b2c6c0b15c40643bffd59f075015ac86dd,py/js2py-rce,python,codeql,python/ql/src/experimental/Security/CWE-094/Js2Py.ql,094,Cmdi,有完整漏洞污点逻辑,"1,2,3,4",
2899e8034385b9270b90e8ff1127da653f6d59c3db3e1b04aebe749b6b0ba619,py/meta/alerts/interesting-taint-sinks,python,codeql,python/ql/src/meta/alerts/InterestingTaintSinks.ql,,Cmdi,简单的pattern-grep审计,"2,4",
c9944162ee472cca197e854a99123b8535b9a196bae9ec80e39e423e54c5cf88,py/paramiko-command-injection,python,codeql,python/ql/src/experimental/Security/CWE-074/remoteCommandExecution/RemoteCommandExecution.ql,074,Cmdi,有完整漏洞污点逻辑,"1,2,4",
67337cddf718acce54591aa49fc20b7374b29b536e1b02ddd14369b3dd701ef8,py/shell-command-constructed-from-input,python,codeql,/home/nyn/Desktop/Projects/SAST/sast_tools/codeql/python/ql/src/Security/CWE-078/UnsafeShellCommandConstruction.ql,"078,088,073",Cmdi,有完整漏洞污点逻辑,"1,2,4",
bccd771c88aa9b048699fdd3125667c04e263db38f00b36b96e9b5c4a5619045,py/sql-injection,python,codeql,python/ql/src/Security/CWE-089/SqlInjection.ql,089,Cmdi,简单的pattern-grep审计,2,
bb0b7d7d57aef6de60555bbd8697d79f0b17868017672d19e98a7b0bdf7df1a6,py/unsafe-deserialization,python,codeql,/home/nyn/Desktop/Projects/SAST/sast_tools/codeql/python/ql/src/Security/CWE-502/UnsafeDeserialization.ql,502,Cmdi,简单的pattern-grep审计,2,
a560c72dba5c4429bca799eecd6420e6bb32fcb0ff327a40be89252c7a8c8f3b,py/untrusted-data-to-external-api,python,codeql,python/ql/src/Security/CWE-020-ExternalAPIs/UntrustedDataToExternalAPI.ql,020,Cmdi,简单的pattern-grep审计,"2,4",
c502d9169329e4770cb77263b3acba1f890e67015e10c122998579a21b776024,py/use-of-exec,python,codeql,python/ql/src/Statements/ExecUsed.ql,,Cmdi,简单的pattern-grep审计,无,
2987ce216dc7a93908e69ebd1dce8ee34e1e439489a67554d08c86ac5ccb7c79,py/use-of-input,python,codeql,python/ql/src/Expressions/UseofInput.ql,"094,095",Cmdi,简单的pattern-grep审计,2,
f77e4ea12b7bad906572b30687f173b8422d2248ff4a48861983f30faa17aeb3,5001,python,pysa,stubs/taint/combined/5001.pysa,78,Cmdi,简单的pattern-grep审计,"2,3",
a0d783d4839f4d51a90124f94ce935426f66926574b2061fb881ec49dae2f8d0,5005,python,pysa,stubs/taint/combined/5005.pysa,89,Cmdi,简单的pattern-grep审计,2,
965286fc047cb9a11f5e2699cb93bde2ad7ae541eb1082936258c8e768c2413a,5041,python,pysa,stubs/taint/combined/5041.pysa,78,Cmdi,简单的pattern-grep审计,"2,4",
4c6719439c0d96a939e67e43c8307e0951f974af5dbff25e5824b8943057b6ef,5051,python,pysa,stubs/taint/combined/5051.pysa,89,Cmdi,简单的pattern-grep审计,2,
8b0a6dc76d11dad3592dca3e01cfc0e500472beab81c4bee1f1416ebbcbe5a43,5067,python,pysa,stubs/taint/combined/5067.pysa,502,Cmdi,简单的pattern-grep审计,"2,4",
ba999c671177f60b8049fb5b72f91ddf66df1dd57494b4b25c66c6513f922e83,6064,python,pysa,stubs/taint/combined/6064.pysa,94,Cmdi,简单的pattern-grep审计,"1,2",
5f9d5ce4936fd40a4a4eb6ff5275467072794fa91a8e063669cab6b6cfc0b730,6065,python,pysa,stubs/taint/combined/6065.pysa,88,Cmdi,有完整漏洞污点逻辑,"1,2,4",
50be47dde0d4c41949f466ceda1dbdc688ff1fad238a208cfdca265c510deedb,6066,python,pysa,stubs/taint/combined/6066.pysa,502,Cmdi,简单的pattern-grep审计,"1,2",
05719995d0611d93842ed71d03424e216715993aeab3df9968c09c047876ab8e,6809,python,pysa,stubs/taint/combined/6809.pysa,94,Cmdi,有完整漏洞污点逻辑,"1,2,3,4",
4d6ce3970864f1775d5750094c3c18754c4494c331be94806308458dff98d758,"B950,B951,B952,B953",python,semgrep,python/lang/security/deserialization/pickle.yaml,502,Cmdi,简单的pattern-grep审计,2,
df10de6bba7c16902177acdb1dece34908a04a55e54d438d58e00ff3ffc6be67,aiopg-sqli,python,semgrep,python/lang/security/audit/sqli/aiopg-sqli.yaml,89,Cmdi,简单的pattern-grep审计,2,
dd32aea32f4a6208ccc65dca821ebe8301585a9e5c2cd5ca8031a132632e3d28,asyncpg-sqli,python,semgrep,python/lang/security/audit/sqli/asyncpg-sqli.yaml,89,Cmdi,简单的pattern-grep审计,无,
8442b0fe44897519bd41319ca2f326b608290d1956c6147cc02ca6d86238953e,avoid-insecure-deserialization,python,semgrep,python/django/security/audit/avoid-insecure-deserialization.yaml,502,Cmdi,有完整漏洞污点逻辑,"1,2,4",
1b36b471f8b16662ad366d0e31cbd911f5e0734806bc1a551c62d7baba4580cd,avoid-jsonpickle,python,semgrep,python/lang/security/deserialization/avoid-jsonpickle.yaml,502,Cmdi,简单的pattern-grep审计,2,
57f3a6fb3d65bb854520b2a743d613af915278ffcd62bfba79d9573cd08c2063,avoid-raw-sql,python,semgrep,python/django/security/audit/raw-query.yaml,89,Cmdi,简单的pattern-grep审计,2,
c715b34809c0af8886375733615f5a94b5d7105948e7b5bb3d541692c5b4e711,command-injection-os-system,python,semgrep,python/django/security/injection/command/command-injection-os-system.yaml,78,Cmdi,有完整漏洞污点逻辑,"1,2,4",
8dad353c7fccd9e7d0dad20121992991531b7c45878ca295a920f70b754d8aee,contains-bidirectional-characters,"bash,c,csharp,go,java,javascript,json,kotlin,lua,ocaml,php,python,ruby,rust,scala,sh,typescript,yaml",semgrep,generic/unicode/security/bidi.yml,94,Cmdi,简单的pattern-grep审计,无,
207078bb4d440d9bbe659bdda8fccd24fe541e65b3c0efdfbd497afbbeeb5a55,dangerous-asyncio-create-exec,python,semgrep,python/aws-lambda/security/dangerous-asyncio-create-exec.yaml,78,Cmdi,有完整漏洞污点逻辑,"1,2,3,4",
c1cb240a7dc594c2b2f6df1daeadddecb1ef07e092e0744ae5e0ac6f4d7677b1,dangerous-asyncio-create-exec-audit,python,semgrep,python/lang/security/audit/dangerous-asyncio-create-exec-audit.yaml,78,Cmdi,简单的pattern-grep审计,2,dangerous-asyncio-create-exec
727dcd47140378f747bf85e77ea0af8b8a766e3e28d484317d26a9e051283c6f,dangerous-asyncio-create-exec-tainted-env-args,python,semgrep,python/lang/security/audit/dangerous-asyncio-create-exec-tainted-env-args.yaml,78,Cmdi,有完整漏洞污点逻辑,"1,2,3,4",
7d0a37db53a557e02d81135ab0a374e006fecbeb779cf369a9af58f30177f377,dangerous-asyncio-exec,python,semgrep,python/aws-lambda/security/dangerous-asyncio-exec.yaml,78,Cmdi,有完整漏洞污点逻辑,"1,2,4",
107df21e9a7a94dfef6950350aff8fc3a9f5b058ddd0ca9e01aa7f3695791408,dangerous-asyncio-exec-audit,python,semgrep,python/lang/security/audit/dangerous-asyncio-exec-audit.yaml,78,Cmdi,简单的pattern-grep审计,"2,3",
a4d5cd65b8bfe6638ab73bdc553ceef7baffed56edea8f6700fc1a6677b3e820,dangerous-asyncio-exec-tainted-env-args,python,semgrep,python/lang/security/audit/dangerous-asyncio-exec-tainted-env-args.yaml,78,Cmdi,有完整漏洞污点逻辑,"1,2,3,4",
c752c13f1092d23b3061b6ad53a3b0aa351896f827c6bd25e2f55070d4cf790c,dangerous-asyncio-shell,python,semgrep,python/aws-lambda/security/dangerous-asyncio-shell.yaml,78,Cmdi,简单的pattern-grep审计,"1,3,4",
286ad4014e74179be974a0ee6d321f19f4713ae2ac9b35d571d465a331262f2c,dangerous-asyncio-shell-audit,python,semgrep,python/lang/security/audit/dangerous-asyncio-shell-audit.yaml,78,Cmdi,简单的pattern-grep审计,"2,3",
aeee1cadfbd57463570db86700d2ef793bdbd895b57b3c1c673c914490a060d2,dangerous-asyncio-shell-tainted-env-args,python,semgrep,python/lang/security/audit/dangerous-asyncio-shell-tainted-env-args.yaml,78,Cmdi,简单的pattern-grep审计,"1,3,4",
954dc755543eae555c32f747e7460f8818c89f7941f6b13e44df43e8570db537,dangerous-globals-use,python,semgrep,python/lang/security/dangerous-globals-use.yaml,96,Cmdi,简单的pattern-grep审计,无,
66d5ce913bf1ba156b0f6ea62db1348d2bc0f3a4398c44147d4adbfaa4a7c30f,dangerous-interactive-code-run,python,semgrep,python/lang/security/dangerous-code-run.yaml,95,Cmdi,简单的pattern-grep审计,1,dangerous-interactive-code-run-tainted-env-args
d4d4cc38e9fbbed1d39427a385ca191553c90ea908257a1d1936e2866df90092,dangerous-interactive-code-run-audit,python,semgrep,/home/nyn/Desktop/Projects/SAST/sast_tools/semgrep-rules/python/lang/security/audit/dangerous-code-run-audit.yaml,95,Cmdi,简单的pattern-grep审计,无,
f30dc16494f1c4ab40c207ecd59709d83a4376633bc5edde1b688803a96d205f,dangerous-interactive-code-run-tainted-env-args,python,semgrep,python/lang/security/audit/dangerous-code-run-tainted-env-args.yaml,95,Cmdi,有完整漏洞污点逻辑,"1,2,4",
466099b06b474a9b589a700adc383bc2afddda6f1d86ef1d6c259b16cfe57fd6,dangerous-os-exec,python,semgrep,python/lang/security/dangerous-os-exec.yaml,78,Cmdi,有完整漏洞污点逻辑,"1,2,4",
4b92db4c363936bd8fa43d2ef5e1aadcf21d5e806a506a1759aaf9c4a97d5316,dangerous-os-exec-audit,python,semgrep,python/lang/security/audit/dangerous-os-exec-audit.yaml,78,Cmdi,简单的pattern-grep审计,2,dangerous-os-exec
14610c8087f7e119e30c63a911554d50344ef1cda3829ceb20850ac20fd73820,dangerous-os-exec-tainted-env-args,python,semgrep,python/lang/security/audit/dangerous-os-exec-tainted-env-args.yaml,78,Cmdi,有完整漏洞污点逻辑,"1,2,4",
366624232e56037974bef3605fe9bfc9912e8892690174a9fdc66af49dc465e5,dangerous-spawn-process,python,semgrep,python/lang/security/dangerous-spawn-process.yaml,78,Cmdi,简单的pattern-grep审计,"1,2",
3bd3d58746ed679fcabb2e4ec48118b6cd52bfc947104f254d2a40c3f687ee09,dangerous-spawn-process,python,semgrep,python/aws-lambda/security/dangerous-spawn-process.yaml,78,Cmdi,有完整漏洞污点逻辑,"1,2,4",
a75bd7987dbf13ab50c76cbe188315a08155334512ce5c309e7026ab925f4d34,dangerous-spawn-process-audit,python,semgrep,/home/nyn/Desktop/Projects/SAST/sast_tools/semgrep-rules/python/lang/security/audit/dangerous-spawn-process-audit.yaml,78,Cmdi,简单的pattern-grep审计,2,dangerous-spawn-process
b82ec55a5e5e0c23fe000eb39a3b9c9d8e6799dbf163551d87bc6a93a4c223cd,dangerous-spawn-process-tainted-env-args,python,semgrep,python/lang/security/audit/dangerous-spawn-process-tainted-env-args.yaml,78,Cmdi,有完整漏洞污点逻辑,"1,2,4",
1956be2ce4b36f0e027b297fb1b83c20df35fcedd58f413152cfcb9dff465a6d,dangerous-subinterpreters-run-string,python,semgrep,/home/nyn/Desktop/Projects/SAST/sast_tools/semgrep-rules/python/lang/security/dangerous-subinterpreters-run-string.yaml,95,Cmdi,有完整漏洞污点逻辑,"1,2,4",
32b90b1b9a3d45b945564dfa8ff347b3dc27b57a975f7580a4eb8b4b238c0129,dangerous-subinterpreters-run-string-audit,python,semgrep,python/lang/security/audit/dangerous-subinterpreters-run-string-audit.yaml,95,Cmdi,简单的pattern-grep审计,2,dangerous-subinterpreters-run-string
584dbc43e9e1d09a42a6ff24a62108c3aef7bd7fd536a6b8d8a2e8196ba15f55,dangerous-subprocess-use,python,semgrep,python/lang/security/dangerous-subprocess-use.yaml,78,Cmdi,有完整漏洞污点逻辑,"1,2,4",
e93afba8be41e33fc35a0a3f7f3cc5258accbd6e1860e48ca46f1798503bfdf8,dangerous-subprocess-use,python,semgrep,python/aws-lambda/security/dangerous-subprocess-use.yaml,78,Cmdi,有完整漏洞污点逻辑,"1,2,3,4",
365c7fbf609aeba89549da89ec7742d8838173b3c17b0c16fea6a10dc92ac398,dangerous-subprocess-use-audit,python,semgrep,/home/nyn/Desktop/Projects/SAST/sast_tools/semgrep-rules/python/lang/security/audit/dangerous-subprocess-use-audit.yaml,78,Cmdi,简单的pattern-grep审计,"2,3",
f959ee3e3dd9bc87260b50d011816b621bd17608c1592d841db1b9602aac84fe,dangerous-subprocess-use-tainted-env-args,python,semgrep,python/lang/security/audit/dangerous-subprocess-use-tainted-env-args.yaml,78,Cmdi,有完整漏洞污点逻辑,"1,2,4",
1fcfbbfe9f5ac81d4cc2c53bf36e7f33b8f3acaad49922a04b2eefa90a7cba97,dangerous-system-call,python,semgrep,python/aws-lambda/security/dangerous-system-call.yaml,78,Cmdi,有完整漏洞污点逻辑,"1,2,4",
ad30f3c4d61523c8f790c48c66b6fb86f7d7e103f0ce20b563f84777a0c04179,dangerous-system-call,python,semgrep,python/lang/security/dangerous-system-call.yaml,78,Cmdi,有完整漏洞污点逻辑,"1,2,4",
6de1f0cd63f45b6283b4535100de3d712397349bd3d6255999d1a2c53abd354d,dangerous-system-call-audit,python,semgrep,python/lang/security/audit/dangerous-system-call-audit.yaml,78,Cmdi,简单的pattern-grep审计,无,
c421ef082b421cd0ca9021cb8688e2cde34d8ef495a9d2e36fe9e4db2087935e,dangerous-system-call-tainted-env-args,python,semgrep,python/lang/security/audit/dangerous-system-call-tainted-env-args.yaml,78,Cmdi,有完整漏洞污点逻辑,"1,2,4",
026a515c068879d75c6bc482513e9b88dfd4b5c3ad6c749fdd2bc5a7d3a617e5,dangerous-testcapi-run-in-subinterp,python,semgrep,/home/nyn/Desktop/Projects/SAST/sast_tools/semgrep-rules/python/lang/security/dangerous-testcapi-run-in-subinterp.yaml,95,Cmdi,简单的pattern-grep审计,"1,2",
d769e60e5a94af06bfe69dfe213bf1380f12782a743b9102dddc4e4b1a395f11,dangerous-testcapi-run-in-subinterp-audit,python,semgrep,python/lang/security/audit/dangerous-testcapi-run-in-subinterp-audit.yaml,95,Cmdi,简单的pattern-grep审计,2,
d414722ae09bde22dc6416972c177b3c4719fea506d39ee558fcb42a57093bb0,django-using-request-post-after-is-valid,python,semgrep,python/django/security/django-using-request-post-after-is-valid.yaml,20,Cmdi,简单的pattern-grep审计,无,
d4f9515ca409e2ad0937726098ecbc2000d39be9632cdee8efd04ca68395cc7a,eval-detected,python,semgrep,python/lang/security/audit/eval-detected.yaml,95,Cmdi,简单的pattern-grep审计,无,
ce0ba88a6150a33e0c3c5e9a947a3908e007d435757c9450b682f9822a05334c,exec-detected,python,semgrep,python/lang/security/audit/exec-detected.yaml,95,Cmdi,简单的pattern-grep审计,2,exec-injection
bfe88b1e60eae48b104f4ad2445adde2a37bc384e440a0036d6d1e555f7757cf,exec-injection,python,semgrep,python/flask/security/injection/user-exec.yaml,95,Cmdi,有完整漏洞污点逻辑,"1,2,4",
599309a3270af85880ddb4a43b69bc10ff908e61ad6c8beca3f1297fd2f65df2,formatted-sql-query,python,semgrep,python/lang/security/audit/formatted-sql-query.yaml,89,Cmdi,简单的pattern-grep审计,无,
f64033e3a32bcecf0427b85aa7aaf2b01b6becb12995803f0717dc38ccf115dd,formatted-string-bashoperator,python,semgrep,python/airflow/security/audit/formatted-string-bashoperator.yaml,78,Cmdi,有完整漏洞污点逻辑,"1,2,4",
23447533ef618cd2a1804039bf179079afebd4399806daf1e1b92a20ed77ecdd,globals-as-template-context,python,semgrep,python/django/security/globals-as-template-context.yaml,96,Cmdi,简单的pattern-grep审计,2,
7ce4aa4f23f962472507fcb0a4708c08d1be1b24b8634273242def47a4ec3623,globals-misuse-code-execution,python,semgrep,python/django/security/injection/code/globals-misuse-code-execution.yaml,96,Cmdi,简单的pattern-grep审计,"1,2",
c6a25cb6e8597a7d6121e6ee6e139ddb527628e6ad92d1787493e1b70db4d63f,insecure-deserialization,python,semgrep,python/flask/security/insecure-deserialization.yaml,502,Cmdi,简单的pattern-grep审计,2,avoid-insecure-deserialization
2875f5f9659bbc3e05c6307d81019a3d48c378985e1724ad5d7d8eef089471d2,locals-as-template-context,python,semgrep,python/django/security/locals-as-template-context.yaml,96,Cmdi,简单的pattern-grep审计,2,
c91d1a6e5ff61973b3c5f1d1075c7ef89bdf6bb145f7858c66bdb1cd2aa728f5,mysql-sqli,python,semgrep,python/aws-lambda/security/mysql-sqli.yaml,89,Cmdi,有完整漏洞污点逻辑,"1,2,4",
14a75fea4b05bbcb11c80a7f5c6b4aedb7e0712c81e89c0188c3c2cb4ec3f18c,os-system-injection,python,semgrep,python/flask/security/injection/os-system-injection.yaml,78,Cmdi,有完整漏洞污点逻辑,"1,2,4",
4600487384898d5758f17ea90f865d4e3df92d0937e418990313fb1832046051,paramiko-exec-command,python,semgrep,python/lang/security/audit/paramiko/paramiko-exec-command.yaml,78,Cmdi,简单的pattern-grep审计,2,
feee9b265a6f9050770e21929ac24eb72dceffede6abc785d1ca9212b1404a48,pg8000-sqli,python,semgrep,python/lang/security/audit/sqli/pg8000-sqli.yaml,89,Cmdi,简单的pattern-grep审计,2,
47b06f8a8248e6ec12b025c62baa47b573dd79b4697efd238485f6ee1d7d0ecf,psycopg-sqli,python,semgrep,python/lang/security/audit/sqli/psycopg-sqli.yaml,89,Cmdi,简单的pattern-grep审计,无,
6db8510941b67412724366af6f707dbff536ae9e2a7733a44e1653be9171fd9e,psycopg-sqli,python,semgrep,python/aws-lambda/security/psycopg-sqli.yaml,89,Cmdi,有完整漏洞污点逻辑,"1,2,4",
73232c702f101ad0e8436067b5f1b4bfe66323374fb5260c810689982538b57f,pymssql-sqli,python,semgrep,python/aws-lambda/security/pymssql-sqli.yaml,89,Cmdi,简单的pattern-grep审计,4,
5cefb52fb2b14b367a11d8af04220e67e34e9a778bdfbac762cc1c3df16f8a05,pymysql-sqli,python,semgrep,python/aws-lambda/security/pymysql-sqli.yaml,89,Cmdi,有完整漏洞污点逻辑,"1,2,4",
e4f74b36aa657c91def7eaea4ea545e046d63be195eb05d99de9ed6e20de1ef4,sql-injection-db-cursor-execute,python,semgrep,python/django/security/injection/sql/sql-injection-using-db-cursor-execute.yaml,89,Cmdi,简单的pattern-grep审计,"1,4",
bf856fe457ddb564ab8efc19d80e5810456b500515f9893a4919487bff253f7c,sqlalchemy-execute-raw-query,python,semgrep,python/sqlalchemy/security/sqlalchemy-execute-raw-query.yaml,89,Cmdi,简单的pattern-grep审计,2,
a0d4d4be790d1a5eeb6ebb89adf7207eadd6afb76904a84ca35bcfd2f02d0f6f,sqlalchemy-sqli,python,semgrep,python/aws-lambda/security/sqlalchemy-sqli.yaml,89,Cmdi,简单的pattern-grep审计,4,
bf47ad40811494f86b639efd4e29a1853aee07f22125fd4391af9bf73f7d8078,string-concat,python,semgrep,python/sh/security/string-concat.yaml,78,Cmdi,简单的pattern-grep审计,1,
4edca5b91da663870c1b902a5fb3cf19e50f26ddaf8ebc80e778f1349f6c0a8f,subprocess-injection,python,semgrep,python/flask/security/injection/subprocess-injection.yaml,78,Cmdi,有完整漏洞污点逻辑,"1,2,3,4",
994b67b9ea74c0cab390b6602fdf023abba615636e28fccea10a7f93fd7b560d,subprocess-injection,python,semgrep,python/django/security/injection/command/subprocess-injection.yaml,78,Cmdi,有完整漏洞污点逻辑,"1,2,3,4",
034e8b5d7d60f0954f684bb04ae704208f08ccb2331df3eccd8a2e8eb2b65ef6,subprocess-list-passed-as-string,python,semgrep,python/lang/security/audit/subprocess-list-passed-as-string.yaml,78,Cmdi,有完整漏洞污点逻辑,"1,2,4",
aa1dbbe351df62faaac9a5c9f01da340742532bd8da176504744e58e17532d8c,subprocess-shell-true,python,semgrep,python/lang/security/audit/subprocess-shell-true.yaml,78,Cmdi,简单的pattern-grep审计,2,subprocess-injection
54cd9ccf38d25bfa4d3a7d8d85ec8f5bf706b6b511c4c70b3851f731d253706b,tainted-code-exec,python,semgrep,python/aws-lambda/security/tainted-code-exec.yaml,95,Cmdi,有完整漏洞污点逻辑,"1,2,4",
b901a37ac1185cf0f4e42d065593d7ac50f47e5338172a0b1c872085fb5ee868,tainted-pickle-deserialization,python,semgrep,python/aws-lambda/security/tainted-pickle-deserialization.yaml,502,Cmdi,有完整漏洞污点逻辑,"1,2,4",
6bb4a737566ec655d3d3f87e77a7b325fccf1a2dba47b77ea3623a844a901a62,user-eval,python,semgrep,python/django/security/injection/code/user-eval.yaml,95,Cmdi,有完整漏洞污点逻辑,"1,2,4",
9086b2d8f3a99e0d7072249971db80e17188d36116f933db419cf07d35332d4c,user-eval-format-string,python,semgrep,python/django/security/injection/code/user-eval-format-string.yaml,95,Cmdi,简单的pattern-grep审计,"1,2",
02c4297b2f26be3283854dc6aeedef2aed92c7d196cda768fd90ac12c80423e9,user-exec,python,semgrep,python/django/security/injection/code/user-exec.yaml,95,Cmdi,简单的pattern-grep审计,"1,2",
e585bf5fdb516a8a987c73a853aa8017b2d76dc8529beb8ecdb5786115446622,user-exec-format-string,python,semgrep,python/django/security/injection/code/user-exec-format-string.yaml,95,Cmdi,有完整漏洞污点逻辑,"1,2,4",
7705e43cab4aa2625eda5615ccdf6b5d6d1b3fd1dfb6f56c88573029d346ca1b,S1523,python,sonarqube,sonar-python/python-checks/src/main/resources/org/sonar/l10n/py/rules/python/S1523.json,"95,470",Cmdi,简单的pattern-grep审计,2,
88859157815f0fa8a081209518027987f928f913e05537874455530014f1e225,S2077,python,sonarqube,/home/nyn/Desktop/Projects/SAST/sast_tools/sonarqube/sonar-python/python-checks/src/main/resources/org/sonar/l10n/py/rules/python/S2077.json,"20,89",Cmdi,简单的pattern-grep审计,2,
b08895a1611292afbfbb746ed4591b8c990f6af97cf10d00e58d0accc1053076,S4721,python,sonarqube,S4721,78,Cmdi,简单的pattern-grep审计,2,
42b5c2da5a7cd820cedd6c2af1300bdaaead28b30f7d1c03af2f90bd101629f4,S6985,python,sonarqube,sonar-python/python-checks/src/main/resources/org/sonar/l10n/py/rules/python/S6985.json,"94,502",Cmdi,简单的pattern-grep审计,2,
eae72a278251564b49466f3879367e0c6fe9fea0f5a9f91aac394dcca7d1167d,S7943,python,sonarqube,sonar-python/python-checks/src/main/resources/org/sonar/l10n/py/rules/python/S7943.json,,Cmdi,简单的pattern-grep审计,"1,3",
4c72c6b90b4ea25471e89570a0c32172b688a581a48a5f2e41e0931a291f9cd0,Sonar_way_profile,python,sonarqube,/home/nyn/Desktop/Projects/SAST/sast_tools/sonarqube/sonar-python/python-checks/src/main/resources/org/sonar/l10n/py/rules/python/Sonar_way_profile.json,,Cmdi,简单的pattern-grep审计,无,
0393700bf9813b58cb793e4f10bc2982c6466b7674ce3a795b2e6b29a7e75e03,B202,python,bandit,/home/nyn/Desktop/Projects/SAST/sast_tools/bandit/bandit/plugins/tarfile_unsafe_members.py,22,Path Traversal,简单的pattern-grep审计,"2,3",
c95c09ff40c0ce5c485764c84a538860b7a7deaea7729babb0ac6bbbab6d7683,py/tarslip,python,codeql,python/ql/src/Security/CWE-022/TarSlip.ql,022,Path Traversal,简单的pattern-grep审计,4,
e878f26c275e1e45e45cc2e6acd2a3c5a41bc4a676019d3350dcb45d863f47dc,py/tarslip-extended,python,codeql,/home/nyn/Desktop/Projects/SAST/sast_tools/codeql/python/ql/src/experimental/Security/CWE-022bis/TarSlipImprov.ql,022,Path Traversal,有完整漏洞污点逻辑,"1,2,4",
fa0e947ef7ee8d4281ba9e1781a920b0e8435713ad2bd8ab80be7fd0d6d7f879,py/unsafe-unpacking,python,codeql,python/ql/src/experimental/Security/CWE-022bis/UnsafeUnpack.ql,022,Path Traversal,有完整漏洞污点逻辑,"1,2,4",
a2ffa78d0a21da9047404e6280d20c6dd4f69b8cfef2fcc185d5c8b8180dbd0e,py/xpath-injection,python,codeql,/home/nyn/Desktop/Projects/SAST/sast_tools/codeql/python/ql/src/Security/CWE-643/XpathInjection.ql,643,Path Traversal,有完整漏洞污点逻辑,"1,2,3,4",
a84b3f67c80c6012da599a546f3619a4dbeac2aa19c8c869caf7d396f7a94a59,py/zipslip,python,codeql,python/ql/src/experimental/Security/CWE-022/ZipSlip.ql,022,Path Traversal,有完整漏洞污点逻辑,"1,2,4",
40a442fc0c171f97498116d05fb83e17abe2f9d3761e0a7f4cbe77961393c640,5011,python,pysa,stubs/taint/combined/5011.pysa,73,Path Traversal,有完整漏洞污点逻辑,"1,2,4",
12e6b4501f0dbd8945c55ee028120988e5707d7af7fcc3005936121291af1435,6060,python,pysa,stubs/taint/combined/6060.pysa,73,Path Traversal,有完整漏洞污点逻辑,"1,2,3,4",
69f7023380d368a141c9745dc70e4392e98952fc27c95a1e55cc4f282ea63be3,avoid_send_file_without_path_sanitization,python,semgrep,python/flask/security/secure-static-file-serve.yaml,73,Path Traversal,有完整漏洞污点逻辑,"1,2,3",
3941fbf7946c23038d2204101cba394607fa757a0679f4d9763cfcd85474411e,path-traversal-file-name,python,semgrep,python/django/security/injection/path-traversal/path-traversal-file-name.yaml,22,Path Traversal,有完整漏洞污点逻辑,"1,2,4",
d41ec2e2b30bd2041519407ce277a6090cbd6f47293412ba21301c50fffc91b4,path-traversal-join,python,semgrep,python/django/security/injection/path-traversal/path-traversal-join.yaml,22,Path Traversal,有完整漏洞污点逻辑,"1,2,4",
05559eeda6c7c0e5efe968fba8b1b6afebff87ba5fb549dfea2facd8865de117,path-traversal-open,python,semgrep,/home/nyn/Desktop/Projects/SAST/sast_tools/semgrep-rules/python/flask/security/injection/path-traversal-open.yaml,22,Path Traversal,有完整漏洞污点逻辑,"1,2,4",
5306576543d31aef150e9f5125f446b756f163f39176aa91360294714d725095,path-traversal-open,python,semgrep,python/django/security/injection/path-traversal/path-traversal-open.yaml,22,Path Traversal,简单的pattern-grep审计,"1,4",
eae624c2a5901c3a6d619d72f442ba4c655b0d79a0012c42261c27a7e419f49b,request-data-fileresponse,python,semgrep,python/django/security/injection/request-data-fileresponse.yaml,22,Path Traversal,简单的pattern-grep审计,"1,2",
74ede900d2fb55a10a2887cb097072836e9771b8171b4ee0cee9e16e9bcbd858,py/full-ssrf,python,codeql,python/ql/src/Security/CWE-918/FullServerSideRequestForgery.ql,918,SSTF,简单的pattern-grep审计,"1,4",
43ddd1e50d78e5712a9bd6310730a675d1e1ca5b8fe3e6ab0c5aef243eaa771f,py/partial-ssrf,python,codeql,python/ql/src/Security/CWE-918/PartialServerSideRequestForgery.ql,918,SSTF,有完整漏洞污点逻辑,"1,2,4",
4e9c82724ac7187bc75a964021ec2c602dc19b9d54055dbdc824e2a7d7185e25,5012,python,pysa,stubs/taint/combined/5012.pysa,918,SSTF,简单的pattern-grep审计,2,
f741532ae26f7d9b9f2c9747c4f2ceaf26dc645527d4f5a1b794ed6be23314e0,5027,python,pysa,stubs/taint/combined/5027.pysa,200,SSTF,简单的pattern-grep审计,"2,4",
96861cabcd32f07c7978b8e6a96eb442b6233ea1bbd67ebb3bbc66f88b19fd1d,5053,python,pysa,/home/nyn/Desktop/Projects/SAST/sast_tools/pyre-check/stubs/taint/combined/5053.pysa,918,SSTF,有完整漏洞污点逻辑,"1,2,3",
643a86ce064b4ed5922e77fb5739fcaae72e26c9f5bd55b8ff82540dc221eade,5301,python,pysa,stubs/taint/combined/5301.pysa,78,SSTF,有完整漏洞污点逻辑,"1,2,3,4",
67328dc05218a5cca0c80fcb82d58f7335f9f6e6f32460befd626826b6fed589,5305,python,pysa,stubs/taint/combined/5305.pysa,89,SSTF,有完整漏洞污点逻辑,"1,2,4",
2e60c1e7dc5d06f70b528cadd888a664119c5e0bf32dec6c8c828670ed73e104,5307,python,pysa,stubs/taint/combined/5307.pysa,611,SSTF,有完整漏洞污点逻辑,"1,2,3,4",
5354334185e0aa4ae4e080542f87dea39e98b7750af84066163f89b6d5a8df93,5308,python,pysa,stubs/taint/combined/5308.pysa,79,SSTF,有完整漏洞污点逻辑,"1,2,4",
48c5595a314fc6abe7f4240586ef97d38dc2fad725e746275e6a01ee459a2562,5351,python,pysa,stubs/taint/combined/5351.pysa,89,SSTF,有完整漏洞污点逻辑,"1,2,3",
3239f42815e655eb3204cb8c993a0341d9d97a0757d2e04b60c45e6d348a175c,5352,python,pysa,stubs/taint/combined/5352.pysa,79,SSTF,简单的pattern-grep审计,3,
5d1d6e61e4b5502f5b28ab3357ebb57c2b0223d16441c2d287d15dda2c247f0e,5364,python,pysa,stubs/taint/combined/5364.pysa,94,SSTF,有完整漏洞污点逻辑,"1,2,3,4",
dc34a3ccc484addf064ba599e102cc12a4467183b7144fec5b1b3cd0ece74614,5365,python,pysa,stubs/taint/combined/5365.pysa,88,SSTF,有完整漏洞污点逻辑,"1,2,3,4",
205750b414e15ffb2bd25f90e7b6422bdd328f4283784211bc4ecab9e0c6c963,5366,python,pysa,stubs/taint/combined/5366.pysa,502,SSTF,有完整漏洞污点逻辑,"1,2,4",
e663b711b4276f1d09059cb54b21599419970ba12e2729e77805e6d242c75c4d,5367,python,pysa,stubs/taint/combined/5367.pysa,502,SSTF,有完整漏洞污点逻辑,"1,2,3,4",
9af3d888caf4166066f49393535533a1d22af07650c575414db1a71ba663cfd4,5373,python,pysa,stubs/taint/combined/5373.pysa,1336,SSTF,有完整漏洞污点逻辑,"1,2,4",
bbe83f599ab64f7d60ac098669750db49ff58d6dcea3eba05f988b5a79811d37,6074,python,pysa,stubs/taint/combined/6074.pysa,798,SSTF,简单的pattern-grep审计,"2,4",
cd08a58cfaf0e3e94a664a7d77489f47cb946c879847485d5235eab8bd0977f2,host-header-injection-python,python,semgrep,/home/nyn/Desktop/Projects/SAST/sast_tools/semgrep-rules/python/flask/security/audit/host-header-injection-python.yaml,20,SSTF,简单的pattern-grep审计,1,
9132658cc4207c929f71522a3c3e3d5dad123f235c51db303b14c54a2ab591a0,ssrf-injection-requests,python,semgrep,/home/nyn/Desktop/Projects/SAST/sast_tools/semgrep-rules/python/django/security/injection/ssrf/ssrf-injection-requests.yaml,918,SSTF,有完整漏洞污点逻辑,"1,2,4",
014435cf81df371e06f6992c0ac29455ce84bacc2dcd24dd7490c28f317c7795,ssrf-injection-urllib,python,semgrep,python/django/security/injection/ssrf/ssrf-injection-urllib.yaml,918,SSTF,有完整漏洞污点逻辑,"1,2,4",
219264af6996e7a77fa645939d215ea56600b0e107e9ceab989d1d16728a850d,ssrf-requests,python,semgrep,python/flask/security/injection/ssrf-requests.yaml,918,SSTF,简单的pattern-grep审计,1,ssrf-injection-requests
0623cd1802098f62492cca72d1314faee9fc859eeed50a87f8b06689dc93b3cd,tainted-url-host,python,semgrep,/home/nyn/Desktop/Projects/SAST/sast_tools/semgrep-rules/python/flask/security/injection/tainted-url-host.yaml,918,SSTF,简单的pattern-grep审计,"1,4",
9372950132361a582ac78d538b066b2651621b03459a092fc312c73d4e21da60,tainted-url-host,python,semgrep,python/django/security/injection/tainted-url-host.yaml,918,SSTF,有完整漏洞污点逻辑,"1,2,4",
53d233170802efa129083ac3b854a9aa92095bc49ea440cf84f26628d8458cad,B608,python,bandit,/home/nyn/Desktop/Projects/SAST/sast_tools/bandit/bandit/plugins/injection_sql.py,89,Sqli,简单的pattern-grep审计,2,
86b8efcd46103f78a4db2dad94a21eced8e7143cdfc7f020bfb1f1d7b23c9688,B610,python,bandit,/home/nyn/Desktop/Projects/SAST/sast_tools/bandit/bandit/plugins/django_sql_injection.py,"89,89",Sqli,简单的pattern-grep审计,2,
a824d937bd208ec06f1c5de97f7a4e228609b4e598716626e4e01cfa9659d159,py/nosql-injection,python,codeql,python/ql/src/Security/CWE-943/NoSqlInjection.ql,943,Sqli,简单的pattern-grep审计,"2,3,4",
e6cf11d19231041d3768d736d51cf3ef5ea63c93cd6509ef822c4d3a703a5571,avoid-query-set-extra,python,semgrep,python/django/security/audit/query-set-extra.yaml,89,Sqli,简单的pattern-grep审计,2,
e4540af60f320287776a729d23185951aa54a309301d06367ebe00c29313d217,avoid-sqlalchemy-text,python,semgrep,python/sqlalchemy/security/audit/avoid-sqlalchemy-text.yaml,89,Sqli,有完整漏洞污点逻辑,"1,2,4",
731f9447e5b61a2466e37857103da5ec20d61b5ed640d4a4849a5da6e7c48f33,bad-operator-in-filter,python,semgrep,python/sqlalchemy/correctness/bad-operator-in-filter.yaml,,Sqli,简单的pattern-grep审计,无,
eafc9865bc6bfe66eb530096c997c7d93ed75fccf42715d7667283291f938d5a,custom-expression-as-sql,python,semgrep,python/django/security/audit/custom-expression-as-sql.yaml,89,Sqli,简单的pattern-grep审计,无,
34437264cfe354ef1b547958ca3c24b7c99360251f489150d5a5d12c91b30c93,dynamodb-filter-injection,python,semgrep,python/aws-lambda/security/dynamodb-filter-injection.yaml,943,Sqli,有完整漏洞污点逻辑,"1,2,4",
2a4c6d05859bb8845e58bdfacf9a513d057fa2d4c28678f7647ec91012854c6c,extends-custom-expression,python,semgrep,/home/nyn/Desktop/Projects/SAST/sast_tools/semgrep-rules/python/django/security/audit/extends-custom-expression.yaml,89,Sqli,简单的pattern-grep审计,无,
f0525c35ce1da59150805331ed72a42d9c2ce4c92aa28e193fff3a39316cbaa4,pyramid-sqlalchemy-sql-injection,python,semgrep,python/pyramid/security/sqlalchemy-sql-injection.yaml,89,Sqli,有完整漏洞污点逻辑,"1,2,4",
9b959e88db956dc09082f7fe0b73cf844c597eb04ae1202e63bb45897ed5a9a4,sql-injection-using-extra-where,python,semgrep,python/django/security/injection/sql/sql-injection-extra.yaml,89,Sqli,有完整漏洞污点逻辑,"1,2,4",
52cd230eb3869ad3ff537c7df9d3dc9358de6dd531733e494cf4ec2f9d6f6c23,sql-injection-using-raw,python,semgrep,python/django/security/injection/sql/sql-injection-using-raw.yaml,89,Sqli,有完整漏洞污点逻辑,"1,2,4",
8538c932ed4ff2877e26465ca2392298c716b83cc0449f430695592285249933,sql-injection-using-rawsql,python,semgrep,python/django/security/injection/sql/sql-injection-rawsql.yaml,89,Sqli,有完整漏洞污点逻辑,"1,2,4",
a5a3bb1fa83af21edcf188655a95cadf3cc041a0841bc4a624df9cdbab584865,sqlalchemy-sql-injection,python,semgrep,python/sqlalchemy/security/sqlalchemy-sql-injection.yaml,89,Sqli,简单的pattern-grep审计,无,
5d8d34d6a9235966353ad9a1929ad820240ba41b4cf2386bf826b8c2727025e7,tainted-sql-string,python,semgrep,python/django/security/injection/tainted-sql-string.yaml,915,Sqli,简单的pattern-grep审计,4,
fd644f4abb6f1afd8f6e4fd641ece04399a27a4ac14b54a74254c10f0569a835,tainted-sql-string,python,semgrep,python/aws-lambda/security/tainted-sql-string.yaml,89,Sqli,简单的pattern-grep审计,4,
5524cba0a151367c4f7b5ad26558040ac970a47f050d0389ed88cca15069c453,py/url-redirection,python,codeql,python/ql/src/Security/CWE-601/UrlRedirect.ql,601,URL重定向,有完整漏洞污点逻辑,"1,2,3,4",
252acd5176823be8802aa23d1272035bc9de59155671492abb1ab3f029a40c34,open-redirect,python,semgrep,python/django/security/injection/open-redirect.yaml,601,URL重定向,有完整漏洞污点逻辑,"1,2,4",
36511665a4606a5469c640ad2122553fbd4d827f8bbd972dd73d5924a0e9623d,open-redirect,python,semgrep,python/flask/security/open-redirect.yaml,601,URL重定向,简单的pattern-grep审计,"1,4",
e56767cd4ea6b68dbf4b20e47d34fe5d5ac22bc5cfcab961c2d655fd9c685295,py/xslt-injection,python,codeql,python/ql/src/experimental/Security/CWE-091/XsltInjection.ql,643,XML相关,有完整漏洞污点逻辑,"1,2,4",
053a2efe2b24776a0c66053a847cf65077a15a4302ec3486364b03a8fc3c0340,py/xxe,python,codeql,python/ql/src/Security/CWE-611/Xxe.ql,"611,827",XML相关,简单的pattern-grep审计,2,
cb7ac3e00bed25c710413cf817024099e61c66c6bd919af3e603212f81f13979,5007,python,pysa,stubs/taint/combined/5007.pysa,611,XML相关,简单的pattern-grep审计,"2,3,4",
de19e61b8fccf8368ec7576bd161518f2d453a11d8361900bc586cbc441a4543,use-defused-xml,python,semgrep,python/lang/security/use-defused-xml.yaml,611,XML相关,简单的pattern-grep审计,无,
3b81c78648bab157e660764d4b9becdd6b26d6581c0fe2bafc4a8f0d89f496e5,use-defused-xml-parse,python,semgrep,python/lang/security/use-defused-xml-parse.yaml,611,XML相关,简单的pattern-grep审计,2,
a382654e2d727ec4525617337df6c32c8239513bf0f4df56b6e375f6d809012b,S2755,python,sonarqube,S2755,"611,827",XML相关,简单的pattern-grep审计,2,
fe95e28c6e7553b3b303bee4a4b47ece1f585f8f035bad4d00b366fe23fac5b9,B701,python,bandit,/home/nyn/Desktop/Projects/SAST/sast_tools/bandit/bandit/plugins/jinja2_templates.py,94,XSS,简单的pattern-grep审计,2,
930bdfa22e14b8ee163935bce6d1116b9c27be55f6fe4d50632d27a5b3783418,B702,python,bandit,/home/nyn/Desktop/Projects/SAST/sast_tools/bandit/bandit/plugins/mako_templates.py,80,XSS,简单的pattern-grep审计,2,
8459f3fe8eb6952a331bfc0c1d92a6da060f0fc82fb4fabe05b04a9dbd3de2de,B703,python,bandit,/home/nyn/Desktop/Projects/SAST/sast_tools/bandit/bandit/plugins/django_xss.py,80,XSS,简单的pattern-grep审计,2,
ee9f3cf4290ba19adf20d65938a83e85ed1fc25aea81d80be6df21bd922498c9,B704,python,bandit,/home/nyn/Desktop/Projects/SAST/sast_tools/bandit/bandit/plugins/markupsafe_markup_xss.py,79,XSS,简单的pattern-grep审计,2,
41884b7acc24d53358e154266d7885e80afa18e53ef4a798feb59658731e4fde,py/jinja2/autoescape-false,python,codeql,python/ql/src/Security/CWE-079/Jinja2WithoutEscaping.ql,079,XSS,简单的pattern-grep审计,2,
fb6db95fe7db34c2500b5768b9d8beed6015e3406d1ff0c9cc8b3f25af301b16,py/reflective-xss,python,codeql,python/ql/src/Security/CWE-079/ReflectedXss.ql,"079,116",XSS,有完整漏洞污点逻辑,"1,2,4",
96725617d7b994e66243861abc374330bd3cd9f17bf627ecb7b9427ec6d0224d,py/reflective-xss-email,python,codeql,/home/nyn/Desktop/Projects/SAST/sast_tools/codeql/python/ql/src/experimental/Security/CWE-079/EmailXss.ql,"079,116",XSS,有完整漏洞污点逻辑,"1,2,3,4",
180d8d9f509f930e1dab255e73f8e9bff4f45d2a2127a8c136579339de61f7b3,py/template-injection,python,codeql,python/ql/src/Security/CWE-074/TemplateInjection.ql,074,XSS,有完整漏洞污点逻辑,"1,2,3,4",
7027638e860ea1ff7003d55e33302cf23cd06b61c0ddafe6749bb263a8dc443d,5008,python,pysa,/home/nyn/Desktop/Projects/SAST/sast_tools/pyre-check/stubs/taint/combined/5008.pysa,79,XSS,简单的pattern-grep审计,"1,2",
8f0277a9e6641be91e335b6b11f4601955db9cf7550387591e5e86960bd252e5,5018,python,pysa,stubs/taint/combined/5018.pysa,601,XSS,有完整漏洞污点逻辑,"1,2,4",
4dfffd68e524a645f38a309453e7da60d263b61e569e40fca58fd4b6ea8b8efd,5029,python,pysa,stubs/taint/combined/5029.pysa,113,XSS,简单的pattern-grep审计,"1,2",
b8bd5d8152e4a245c1c38da692497e5d38de9692deb823fd4f2fefcb08628820,5052,python,pysa,stubs/taint/combined/5052.pysa,79,XSS,有完整漏洞污点逻辑,"1,2,3",
a2f1d14a567c4b929bd5e83fd8387c237e8e004e8968d0cf077b91f5fed3bdc3,6108,python,pysa,/home/nyn/Desktop/Projects/SAST/sast_tools/pyre-check/stubs/taint/combined/6108.pysa,22,XSS,有完整漏洞污点逻辑,"1,2,4",
caaca90b77531a3f8212305997ca3b82f97546a9c1845a4299d911ead0aba628,6302,python,pysa,stubs/taint/combined/6302.pysa,209,XSS,简单的pattern-grep审计,2,
f9b129c6d530147a37735072e3a4d8b5868df6856f9ff1c4a4e318935f243411,avoid-mark-safe,python,semgrep,/home/nyn/Desktop/Projects/SAST/sast_tools/semgrep-rules/python/django/security/audit/avoid-mark-safe.yaml,79,XSS,简单的pattern-grep审计,2,
b56ec944bf21780d5ffffd68f670c816a6440b7cb09a47cd7bb3b10c14dc65f4,class-extends-safestring,python,semgrep,python/django/security/audit/xss/class-extends-safestring.yaml,79,XSS,简单的pattern-grep审计,无,
ca661000bf36e51b3855a881c3f8dc3962feb5bdbd5c292c884b456d9dfecf00,context-autoescape-off,python,semgrep,python/django/security/audit/xss/context-autoescape-off.yaml,79,XSS,简单的pattern-grep审计,无,
d9b0b7f925e213790092f725ab95d9ddfd1e99f865d3f41504f078e417f34d5d,dangerous-template-string,python,semgrep,python/flask/security/dangerous-template-string.yaml,96,XSS,简单的pattern-grep审计,2,
27ceac4b692f654f885e6ec5c0aaf1d6232d1dc9058d27e7536bc4ab63c7540b,direct-use-of-httpresponse,python,semgrep,python/django/security/audit/xss/direct-use-of-httpresponse.yaml,79,XSS,简单的pattern-grep审计,2,reflected-data-httpresponse
8de7396da36f727fda499a087dfbcfb7ef12a9190dc501563ec29727bfcd44e5,direct-use-of-jinja2,python,semgrep,python/flask/security/xss/audit/direct-use-of-jinja2.yaml,79,XSS,简单的pattern-grep审计,2,
8ef85e98e2fd8763f5c953a36f719dafcbdf1344fe2d7c07b3c77b16ed105ef1,directly-returned-format-string,python,semgrep,python/flask/security/audit/directly-returned-format-string.yaml,79,XSS,简单的pattern-grep审计,"1,4",
7f95064cd077ef9bc352b42299c764c9175baa4a368af3e039121e323035dfcf,explicit-unescape-with-markup,python,semgrep,/home/nyn/Desktop/Projects/SAST/sast_tools/semgrep-rules/python/flask/security/xss/audit/explicit-unescape-with-markup.yaml,79,XSS,简单的pattern-grep审计,2,
45bcc7f8f593ea93e1d9457a02ddb177735f2c11f123779538f8e443e6015f31,filter-with-is-safe,python,semgrep,/home/nyn/Desktop/Projects/SAST/sast_tools/semgrep-rules/python/django/security/audit/xss/filter-with-is-safe.yaml,79,XSS,简单的pattern-grep审计,无,
fef96234404703af2350a46ea9be7640c98bc91d2b4a6384533eaed05ab09e71,formathtml-fstring-parameter,python,semgrep,/home/nyn/Desktop/Projects/SAST/sast_tools/semgrep-rules/python/django/security/audit/xss/formathtml-fstring-parameter.yaml,79,XSS,简单的pattern-grep审计,无,
a981b10d0a640ae02cdf0405273ea2eb908562a337a296b32f8a3e53906d5c1b,global-autoescape-off,python,semgrep,python/django/security/audit/xss/global-autoescape-off.yaml,79,XSS,简单的pattern-grep审计,无,
a3c3d1b6c8984080b1e2ea3c3b3771a0360035cec9583e77437df596104e98ec,html-magic-method,python,semgrep,/home/nyn/Desktop/Projects/SAST/sast_tools/semgrep-rules/python/django/security/audit/xss/html-magic-method.yaml,79,XSS,简单的pattern-grep审计,无,
db21c37355973df56334542cee3b3263cad2efd5e2ef4a5cf6ff764e2766f002,html-safe,python,semgrep,python/django/security/audit/xss/html-safe.yaml,79,XSS,简单的pattern-grep审计,2,
4c75ae7b1d414bddc37bf9e6914514ec9775e94cc1cc03f7662293337970ed2a,make-response-with-unknown-content,python,semgrep,python/flask/security/audit/xss/make-response-with-unknown-content.yaml,79,XSS,简单的pattern-grep审计,2,
00bb89e4a1135f5df9513a6ee877f93448b2ac3a836afac165713f1f1975f6be,mako-templates-detected,python,semgrep,python/lang/security/audit/mako-templates-detected.yaml,79,XSS,简单的pattern-grep审计,无,
2045acffd4ef8fb8ee0956707db1a5b746241477df0ad84074e96cabba5d5bb6,missing-autoescape-disabled,python,semgrep,python/jinja2/security/audit/missing-autoescape-disabled.yaml,116,XSS,简单的pattern-grep审计,2,
655ff1d609f407ec9b0f0ebaab6c9a88e540a774996704f302c825140d25cc3e,pyramid-direct-use-of-response,python,semgrep,/home/nyn/Desktop/Projects/SAST/sast_tools/semgrep-rules/python/pyramid/security/direct-use-of-response.yaml,79,XSS,有完整漏洞污点逻辑,"1,2,4",
010963b6e5ee1596dc6b10007e34239ab9cee7d7ae98c6ed4bd442b8a0d312e6,raw-html-format,python,semgrep,python/flask/security/injection/raw-html-concat.yaml,79,XSS,简单的pattern-grep审计,"1,4",
edef0037df41db262b452b5b9185044f9a3dcd6ef67d3f51707b33201a3ebda9,raw-html-format,python,semgrep,python/django/security/injection/raw-html-format.yaml,79,XSS,有完整漏洞污点逻辑,"1,2,3,4",
b13ff9158d7e66e806ce27c3e9f93bdced6b8c5c0fa304c8a012f4545fc8bec7,reflected-data-httpresponse,python,semgrep,python/django/security/injection/reflected-data-httpresponse.yaml,79,XSS,有完整漏洞污点逻辑,"1,2,4",
6937962b9453c3208b331b59e5b7c680538315302f7e13dfe4d8734bbb526d01,reflected-data-httpresponsebadrequest,python,semgrep,python/django/security/injection/reflected-data-httpresponsebadrequest.yaml,79,XSS,有完整漏洞污点逻辑,"1,2,4",
3364b425b9664cadff4c65841f30f771137ded01f857aae4b37216f6d6772141,render-template-string,python,semgrep,python/flask/security/audit/render-template-string.yaml,96,XSS,简单的pattern-grep审计,2,
f101d42ce30c3ab93dd0866f00b146ccec78e66a19caca5bc198fd220ad98c97,response-contains-unsanitized-input,python,semgrep,/home/nyn/Desktop/Projects/SAST/sast_tools/semgrep-rules/python/flask/security/unsanitized-input.yaml,79,XSS,简单的pattern-grep审计,"1,2",
e556acaaa4bdcde354941a1bf25eec2916cec23aba6246cfe2c0f9d4067530ea,tainted-html-response,python,semgrep,python/aws-lambda/security/tainted-html-response.yaml,79,XSS,简单的pattern-grep审计,"1,4",
60ea4c4065313195b4ba92f420ec3de29441188a58ba3f96d99c0146638a1b38,tainted-html-string,python,semgrep,python/aws-lambda/security/tainted-html-string.yaml,79,XSS,简单的pattern-grep审计,"2,4",
aab8a55c9c15da6ddca6e6daf385c8e6df991289b0a65ccebc317a27e2a8a742,unescaped-template-extension,python,semgrep,python/flask/security/unescaped-template-extension.yaml,79,XSS,简单的pattern-grep审计,2,
b923fa58f7d558412acc2f82710df6797dfb8db0727829acbd0ab70dfaca6720,xss-html-email-body,python,semgrep,python/django/security/injection/email/xss-html-email-body.yaml,74,XSS,简单的pattern-grep审计,1,
27ee6d0d60b41574b7d72e3dcddc0e5a1eb794888bb0c2805bf2b17741fa2166,xss-send-mail-html-message,python,semgrep,python/django/security/injection/email/xss-send-mail-html-message.yaml,74,XSS,有完整漏洞污点逻辑,"1,2,4",
a4dc4e1e775bef8a206fe1e379d71b385e0001fa71fb7840affbcb289cf15eb1,S5247,python,sonarqube,sonar-python/python-checks/src/main/resources/org/sonar/l10n/py/rules/python/S5247.json,79,XSS,简单的pattern-grep审计,2,
14131fd8981481b7ffb15b00174fd62ce23683745f90cb555616f4364a4c8ad6,B506,python,bandit,/home/nyn/Desktop/Projects/SAST/sast_tools/bandit/bandit/plugins/yaml_load.py,20,不安全反序列化,简单的pattern-grep审计,2,
8f27411d21a9dfc0e676d2b2aac134df49ab9d21f77b189bc5511bceffadd507,B614,python,bandit,/home/nyn/Desktop/Projects/SAST/sast_tools/bandit/bandit/plugins/pytorch_load.py,502,不安全反序列化,简单的pattern-grep审计,2,
3aca644981c8fea01dacf31df0f0e00b15d5686c425a2b727a0e4ccdb95567a3,avoid-pyyaml-load,python,semgrep,python/lang/security/deserialization/avoid-pyyaml-load.yaml,502,不安全反序列化,简单的pattern-grep审计,2,
9be26c5dcb66b66683c5626c900bd477b3d70eda011687e89dab9efb0c1b21be,avoid-unsafe-ruamel,python,semgrep,python/lang/security/deserialization/avoid-unsafe-ruamel.yaml,502,不安全反序列化,简单的pattern-grep审计,2,
d0770948312afdb951753bfb62b3cf5651b55a7257f4917822395ab84a878cf0,marshal-usage,python,semgrep,python/lang/security/audit/marshal.yaml,502,不安全反序列化,简单的pattern-grep审计,2,
d9e15958a4436fcd240f0dc9b42b37ee004ca9c88dde81656771fff2e1547aff,mass-assignment,python,semgrep,python/django/security/injection/mass-assignment.yaml,915,不安全反序列化,简单的pattern-grep审计,无,
96b9586f8e878a09d952a21e701ab3c681b905cf360f87e556e7c5da379a3efe,multiprocessing-recv,python,semgrep,python/lang/security/audit/conn_recv.yaml,502,不安全反序列化,简单的pattern-grep审计,无,
8f5ad6984a40eafbd6db01827c8cba83da24dd8a9e05133119b472bde53c5815,py/path-injection,python,codeql,python/ql/src/Security/CWE-022/PathInjection.ql,"022,023,036,073,099",其他未归组,有完整漏洞污点逻辑,"1,2,3,4",
6b68feeeb98d5cd9bd42f7b4cdd021ca8d1468e3e4b707d6cc5d9c5dfff02420,6073,python,pysa,stubs/taint/combined/6073.pysa,1336,其他未归组,有完整漏洞污点逻辑,"1,2,4",
9c70fc835c6250f5e130ab550e6e377e1eb750da668ada9c670d97a1fc02696c,csv-writer-injection,python,semgrep,python/flask/security/injection/csv-writer-injection.yaml,1236,其他未归组,有完整漏洞污点逻辑,"1,2,4",
b3b89275158e9b7a1977ddeeeef728453fdb1e5d33ace89c32e0e57b8cb14313,csv-writer-injection,python,semgrep,python/django/security/injection/csv-writer-injection.yaml,1236,其他未归组,简单的pattern-grep审计,"2,4",
2839ccb66767bb80c4dc636bb55209df41c526cc2561806d183284ab9bc65ade,dangerous-annotations-usage,python,semgrep,python/lang/security/audit/dangerous-annotations-usage.yaml,95,其他未归组,简单的pattern-grep审计,无,
baa0991aaf7090d9b52a9a7f6b4b0a1715e715a2ca50154d4de955f64a74b118,dangerous-subinterpreters-run-string-tainted-env-args,python,semgrep,python/lang/security/audit/dangerous-subinterpreters-run-string-tainted-env-args.yaml,95,其他未归组,有完整漏洞污点逻辑,"1,2,4",
7ef733c04ef29f8d6e2c1912ae553cd75a9fbda833eaed2e60c1b005d802c9d5,dangerous-testcapi-run-in-subinterp-tainted-env-args,python,semgrep,python/lang/security/audit/dangerous-testcapi-run-in-subinterp-tainted-env-args.yaml,95,其他未归组,有完整漏洞污点逻辑,"1,2,4",
70938aa2b8b9dd467aceb8795af6f93a9b58b82e6c5b8d63278ece8e56320ded,default-mutable-dict,python,semgrep,python/lang/correctness/common-mistakes/default-mutable-dict.yaml,,其他未归组,简单的pattern-grep审计,2,
317a96c9eab340647885fe60fa1fd0a5b9d04c912f804f52316eba342ebe3bdc,eval-injection,python,semgrep,python/flask/security/injection/user-eval.yaml,95,其他未归组,有完整漏洞污点逻辑,"1,2,4",
e19b9eaff222cc59de68f08af660094b165ce8ff02f577b5d82c81be9f427e2f,incorrect-autoescape-disabled,python,semgrep,python/jinja2/security/audit/autoescape-disabled-false.yaml,116,其他未归组,简单的pattern-grep审计,无,
fff38deea09b2f20d2afff8612e8fdaa5d28a15549de333ad3e80dd383fb8020,listen-eval,python,semgrep,python/lang/security/audit/logging/listeneval.yaml,95,其他未归组,简单的pattern-grep审计,2,
72f6ef6df74496d2d20261187160f45e53a1bf2f53f112dbcb08a4559d815c65,request-data-write,python,semgrep,python/django/security/injection/request-data-write.yaml,93,其他未归组,简单的pattern-grep审计,"1,2",
a30b8f83336ddf505539dc38a09f9fa4c2a2446e708ad07eeb3857814e16fd9a,tempfile-insecure,python,semgrep,python/lang/correctness/tempfile/mktemp.yaml,,其他未归组,简单的pattern-grep审计,无,
1a4ab8fe67bafd9d6b8ad6500b95e5a7c3eb478b282511eee281779373f5890f,S5439,python,sonarqube,sonar-python/python-checks/src/main/resources/org/sonar/l10n/py/rules/python/S5439.json,,其他未归组,简单的pattern-grep审计,2,
a6b941a32a84c7b6341681bf6c1688bc3a1b425296cbdfe0bc190fc6f8ce4745,py/csv-injection,python,codeql,python/ql/src/experimental/Security/CWE-1236/CsvInjection.ql,1236,其他注入,有完整漏洞污点逻辑,"1,2,4",
54927e7897bc8da90c523d5e89e2dd3a1709016531b93373d360c98af7e65983,py/ldap-injection,python,codeql,python/ql/src/Security/CWE-090/LdapInjection.ql,090,其他注入,简单的pattern-grep审计,2,
cf33cd1dd0169df74505ac489e12be3d77997c4692cabfca3e84ac1a591898cf,5036,python,pysa,/home/nyn/Desktop/Projects/SAST/sast_tools/pyre-check/stubs/taint/combined/5036.pysa,93,其他注入,有完整漏洞污点逻辑,"1,2,4",
b9a69948abb840d990389633b2b234df3be9953c5397885148509834f01f7b34,twiml-injection,python,semgrep,python/twilio/security/twiml-injection.yaml,91,其他注入,简单的pattern-grep审计,4,
e76859be9e362d5d59178dca3134c791c0bc8eb594afd914ca8746b664e0ff86,py/bad-tag-filter,python,codeql,/home/nyn/Desktop/Projects/SAST/sast_tools/codeql/python/ql/src/Security/CWE-116/BadTagFilter.ql,"116,020,185,186",响应与协议注入,简单的pattern-grep审计,2,
3afdb05631a3fab978a510a87952ba4b7601c0a9e9c081642c94a84dae734847,py/cookie-injection,python,codeql,python/ql/src/Security/CWE-020/CookieInjection.ql,020,响应与协议注入,简单的pattern-grep审计,"1,2",
644ed7aff42bb5fd58bb387ab1f7d71ffcdf6a3930941a5cdbf71b3c64cc6186,py/count-untrusted-data-external-api,python,codeql,python/ql/src/Security/CWE-020-ExternalAPIs/ExternalAPIsUsedWithUntrustedData.ql,020,响应与协议注入,简单的pattern-grep审计,"1,2",
6b5d53aaff2dcc3e2becf490af7973507250bb2ff79165b5c311caa2d5e96dde,py/http-response-splitting,python,codeql,python/ql/src/Security/CWE-113/HeaderInjection.ql,"113,079",响应与协议注入,有完整漏洞污点逻辑,"1,2,3,4",
91cb263ca8fddba7a7c41db80a3690d546d17e597db91ef5c36820872262ed2b,py/incomplete-hostname-regexp,python,codeql,python/ql/src/Security/CWE-020/IncompleteHostnameRegExp.ql,020,响应与协议注入,简单的pattern-grep审计,"2,3",
bcf0c825a2507c3d87645f8913d8a8a4e53b289a4e4480bbf781cbc466cf6013,py/incomplete-url-substring-sanitization,python,codeql,/home/nyn/Desktop/Projects/SAST/sast_tools/codeql/python/ql/src/Security/CWE-020/IncompleteUrlSubstringSanitization.ql,020,响应与协议注入,简单的pattern-grep审计,3,
74c7c7c8f54b1483760d092992f3e244580e1598433d0647247cad8863284ce2,py/log-injection,python,codeql,python/ql/src/Security/CWE-117/LogInjection.ql,117,响应与协议注入,有完整漏洞污点逻辑,"1,2,3,4",
45562196875c7ab05689152269953447be3126395cd5609b8cba71f377c0c330,py/overly-large-range,python,codeql,python/ql/src/Security/CWE-020/OverlyLargeRange.ql,020,响应与协议注入,简单的pattern-grep审计,2,
db5118d7ca05465307df9287840e9530f4334bb9e10c6cf0898fff33693c07a8,S4792,python,sonarqube,sonar-python/python-checks/src/main/resources/org/sonar/l10n/py/rules/python/S4792.json,"117,532",响应与协议注入,简单的pattern-grep审计,2,
6117cd6b0b57089a2638c7a0e48c19d31b522d7114e8ac55b333884976b39c9e,B101,python,bandit,/home/nyn/Desktop/Projects/SAST/sast_tools/bandit/bandit/plugins/asserts.py,703,安全热点与框架误用,简单的pattern-grep审计,无,
edc23e5c98837b98d1b36fa41cdc9fb6def52e37b73cd4638de0e5e8b3082e3a,B103,python,bandit,/home/nyn/Desktop/Projects/SAST/sast_tools/bandit/bandit/plugins/general_bad_file_permissions.py,732,安全热点与框架误用,简单的pattern-grep审计,2,
5e9ed72799ad93f71f2e25f23ee4e734693899f8c68d01dac7466e43d36319f6,B104,python,bandit,/home/nyn/Desktop/Projects/SAST/sast_tools/bandit/bandit/plugins/general_bind_all_interfaces.py,605,安全热点与框架误用,简单的pattern-grep审计,2,
8a19e4525f849d72bc6719fd7dadaa1301ff17bd346a4a07c3d5b3fae855a3cc,B105,python,bandit,/home/nyn/Desktop/Projects/SAST/sast_tools/bandit/bandit/plugins/general_hardcoded_password.py,"259,259,259",安全热点与框架误用,简单的pattern-grep审计,无,
b85b41f5295107b3a10d8ce6655f6b0b66fb35bef0424645f20e5587b36843af,B108,python,bandit,/home/nyn/Desktop/Projects/SAST/sast_tools/bandit/bandit/plugins/general_hardcoded_tmp.py,377,安全热点与框架误用,简单的pattern-grep审计,2,
08f931e37cefc7aee766797411f3bfc78a1c46c9274cb5d61dfb5a65bfd0a3e3,B110,python,bandit,/home/nyn/Desktop/Projects/SAST/sast_tools/bandit/bandit/plugins/try_except_pass.py,703,安全热点与框架误用,简单的pattern-grep审计,无,
9ea0bccfe870f710edf61db97c266d8502d64daf6186d498d11ab54b4b55b89f,B112,python,bandit,/home/nyn/Desktop/Projects/SAST/sast_tools/bandit/bandit/plugins/try_except_continue.py,703,安全热点与框架误用,简单的pattern-grep审计,无,
1f4b20321e361324bac0dabd31f8ef01fb78afd61f0658100ea410fbcd34853a,B113,python,bandit,/home/nyn/Desktop/Projects/SAST/sast_tools/bandit/bandit/plugins/request_without_timeout.py,400,安全热点与框架误用,简单的pattern-grep审计,2,
cf360b93a72bfacd361559366a8470c2636cc089d3e0a4e9a7f66ad11e1d907c,B201,python,bandit,/home/nyn/Desktop/Projects/SAST/sast_tools/bandit/bandit/plugins/app_debug.py,94,安全热点与框架误用,简单的pattern-grep审计,2,
5dad3fcf48941d1938950a886906b03945d3eb94f6db6a648abe9b8bd9a43b53,B613,python,bandit,/home/nyn/Desktop/Projects/SAST/sast_tools/bandit/bandit/plugins/trojansource.py,838,安全热点与框架误用,简单的pattern-grep审计,无,
d95b6211d765bf12021525e63c4a95ec07a4cc631dccb480b49415f88482dc4c,B615,python,bandit,/home/nyn/Desktop/Projects/SAST/sast_tools/bandit/bandit/plugins/huggingface_unsafe_download.py,494,安全热点与框架误用,简单的pattern-grep审计,2,
bdc887977f205ef006a925d0a9197a868f4f45f1470ad9c521bec2b557e99c45,S4784,python,sonarqube,sonar-python/python-checks/src/main/resources/org/sonar/l10n/py/rules/python/S4784.json,,安全热点与框架误用,简单的pattern-grep审计,2,
b45ad9521cbd182b8374d4d530ca248f88b08769370a810cce6351ed3032c30c,S4787,python,sonarqube,sonar-python/python-checks/src/main/resources/org/sonar/l10n/py/rules/python/S4787.json,,安全热点与框架误用,简单的pattern-grep审计,2,
a3bfb2080ab8c06290c548cab0f01bb6963bf8690a09227b23c24bcc950a0211,S4823,python,sonarqube,sonar-python/python-checks/src/main/resources/org/sonar/l10n/py/rules/python/S4823.json,,安全热点与框架误用,简单的pattern-grep审计,"1,2",
015b168dae4e536bcc6fe0a7356366613dab87574792748a656ed8b1d8a805f2,S4829,python,sonarqube,sonar-python/python-checks/src/main/resources/org/sonar/l10n/py/rules/python/S4829.json,,安全热点与框架误用,简单的pattern-grep审计,2,
e25c903483e544232bd3d0ffa56529abbcf56838d7f63adf6832ba84e472beb2,S5300,python,sonarqube,sonar-python/python-checks/src/main/resources/org/sonar/l10n/py/rules/python/S5300.json,,安全热点与框架误用,简单的pattern-grep审计,2,
1804a256536c5ff4666391146c04df7ddbfdbdd73e264a14c2852a43ae13edea,S6556,python,sonarqube,/home/nyn/Desktop/Projects/SAST/sast_tools/sonarqube/sonar-python/python-checks/src/main/resources/org/sonar/l10n/py/rules/python/S6556.json,,安全热点与框架误用,简单的pattern-grep审计,2,
b748b26a5f66cc05cb18a75bdf654ead09cbac13fb855e27b3f84b30c8e3c07f,S7942,python,sonarqube,sonar-python/python-checks/src/main/resources/org/sonar/l10n/py/rules/python/S7942.json,,安全热点与框架误用,简单的pattern-grep审计,"1,2",
774ca822a18f298f7879ae1d4e58ebcac9849975bf6f63cb013622e6c002f345,S8370,python,sonarqube,sonar-python/python-checks/src/main/resources/org/sonar/l10n/py/rules/python/S8370.json,,安全热点与框架误用,简单的pattern-grep审计,无,
e20ef5b1f9cb86542f82fa03a5c8c1b70c242a2ac1444143ffc9a3c76e5f1ba4,S8389,python,sonarqube,sonar-python/python-checks/src/main/resources/org/sonar/l10n/py/rules/python/S8389.json,,安全热点与框架误用,简单的pattern-grep审计,无,
13ccebdb6a9aeb964bd38f67e1c94541ca4a41d983c3700a9efed6031e3f4b46,B324,python,bandit,/home/nyn/Desktop/Projects/SAST/sast_tools/bandit/bandit/plugins/hashlib_insecure_functions.py,327,密码学误用,简单的pattern-grep审计,2,
d951cc396b6d99a79bd60cc5f84c6c1473d6eafd8856c43d0cde4a6006fb1829,B501,python,bandit,/home/nyn/Desktop/Projects/SAST/sast_tools/bandit/bandit/plugins/crypto_request_no_cert_validation.py,295,密码学误用,简单的pattern-grep审计,2,
e2b2a2f1b7e62cfbf9a63bd1a8cbadb9d731a5d30d723c287f80939164144f90,B502,python,bandit,/home/nyn/Desktop/Projects/SAST/sast_tools/bandit/bandit/plugins/insecure_ssl_tls.py,"327,327,327",密码学误用,简单的pattern-grep审计,2,
48b12abe5fb2a57dd6e8feb508e114e7cafc284e58142030cb52d9c20a188e9a,B505,python,bandit,/home/nyn/Desktop/Projects/SAST/sast_tools/bandit/bandit/plugins/weak_cryptographic_key.py,326,密码学误用,简单的pattern-grep审计,2,
8f19392be4a5688de68fa7b01353adad0349454e5381dfbf36f5f0b42999fc10,B507,python,bandit,/home/nyn/Desktop/Projects/SAST/sast_tools/bandit/bandit/plugins/ssh_no_host_key_verification.py,295,密码学误用,简单的pattern-grep审计,2,
bdac01bc57ef229e2f4bdabb991db0ce8af796c32b2d0849b381c62464faff03,B508,python,bandit,/home/nyn/Desktop/Projects/SAST/sast_tools/bandit/bandit/plugins/snmp_security_check.py,"319,319",密码学误用,简单的pattern-grep审计,2,
e6094e53c56dc46bbe27189f614eb9649e3366a48c3e967fda5a8a120c5b77e6,py/jwt-empty-secret-or-algorithm,python,codeql,python/ql/src/experimental/Security/CWE-347/JWTEmptyKeyOrAlgorithm.ql,,密码学误用,简单的pattern-grep审计,2,
0ed1b6770cdcaa993c33d1f6e609b81139b232387539cbb38412ea57cff0bfa7,py/kdf-low-iteration-count,python,codeql,python/ql/src/experimental/cryptography/example_alerts/WeakKDFIteration.ql,,密码学误用,简单的pattern-grep审计,2,
fd7f78a7b5f280aea0a4e7939673b1e88a400708dcc474ed1688233c86732057,py/kdf-small-key-size,python,codeql,python/ql/src/experimental/cryptography/example_alerts/WeakKDFKeyLength.ql,,密码学误用,简单的pattern-grep审计,2,
87a77b1d8e59b9402d65c2c6c8418a79ab686cf92fd5f8007f11aa6b6a335193,py/kdf-small-salt-size,python,codeql,python/ql/src/experimental/cryptography/example_alerts/WeakKDFSaltSize.ql,,密码学误用,简单的pattern-grep审计,2,
3317372cdf7e9b13727daf8159246c033b17be330c06e63c4590fbb563991bff,py/kdf-weak-mode,python,codeql,python/ql/src/experimental/cryptography/example_alerts/WeakKDFMode.ql,,密码学误用,简单的pattern-grep审计,2,
23f06fcd44744c01d6ec3e9412b66972de64217007dae845b2181581812b66b0,py/kdf-weak-salt-gen,python,codeql,/home/nyn/Desktop/Projects/SAST/sast_tools/codeql/python/ql/src/experimental/cryptography/example_alerts/WeakKDFSaltGen.ql,,密码学误用,简单的pattern-grep审计,"2,3",
681df4631ff0b22ba53904515e80a595ce4436322223a6743c7ab0fc13f85ae4,py/quantum-readiness/cbom/iv-sources,python,codeql,python/ql/src/experimental/cryptography/inventory/new_models/BlockModeKnownIVsOrNonces.ql,,密码学误用,简单的pattern-grep审计,2,
533f74eec42978a3551498aa01dfeaabafa8ac9ece11927d22dbcc7eb99736c0,py/quantum-readiness/cbom/unkown-iv-sources,python,codeql,python/ql/src/experimental/cryptography/inventory/new_models/BlockModeUnknownIVsOrNonces.ql,,密码学误用,简单的pattern-grep审计,2,
afa42ae2d9c95e1a7a6b125b43485e5e10d98af368cfe80683e311eb897ec775,py/weak-asymmetric-padding,python,codeql,python/ql/src/experimental/cryptography/example_alerts/WeakAsymmetricPadding.ql,,密码学误用,简单的pattern-grep审计,2,
4d347336a48158f83fcae972307fb61a54ec78ec62a729177ff11bbe6c52026e,py/weak-block-mode-iv-or-nonce,python,codeql,python/ql/src/experimental/cryptography/example_alerts/WeakBlockModeIVorNonce.ql,,密码学误用,简单的pattern-grep审计,2,
f71811b32963014d848a5069c1369aa78675b5e0188c0c991a0613a1a35f5ef4,py/meta/alerts/remote-flow-sources,python,codeql,python/ql/src/meta/alerts/RemoteFlowSources.ql,,污点元规则,简单的pattern-grep审计,"2,4",
dbce56ef0c39a4cb171ae88dcdcc937f53b7c3ac1651f739b25d747f17255848,py/meta/alerts/remote-flow-sources-reach,python,codeql,/home/nyn/Desktop/Projects/SAST/sast_tools/codeql/python/ql/src/meta/alerts/RemoteFlowSourcesReach.ql,,污点元规则,有完整漏洞污点逻辑,"1,2,4",
96c68e762c4879c76d8f6efbdd3095de037227715f34d6e5220eb3e206980a27,py/meta/alerts/taint-sinks,python,codeql,python/ql/src/meta/alerts/TaintSinks.ql,,污点元规则,简单的pattern-grep审计,无,
a1be00435870047a42f6af7b450f19840377eebc79bf547f361fe7feb5c1a87a,5034,python,pysa,/home/nyn/Desktop/Projects/SAST/sast_tools/pyre-check/stubs/taint/combined/5034.pysa,134,输入校验缺陷,简单的pattern-grep审计,"1,3,4",
c672f3314e8738e4a9117c511b501d99898ede5b5d27f09f8d368f9122ae4e17,use-defusedcsv,python,semgrep,python/lang/security/use-defusedcsv.yaml,1236,输入校验缺陷,简单的pattern-grep审计,2,
